order_id,customer_id,customer_name,order_date,order_amount
10001,360,Anthony Johnson,2025-01-01,62.59
10002,293,Jason White,2025-01-02,196.08
10003,301,Samantha Taylor,2025-01-02,328.96
10004,379,Ashley Lewis,2025-01-02,63.9
10005,219,Justin Nelson,2025-01-03,161.73
10006,291,Jason Lopez,2025-01-03,11.57
10007,264,Vanessa Wilson,2025-01-04,65.06
10008,279,Anthony Martinez,2025-01-05,46.16
10009,314,Jessica Thomas,2025-01-05,67.12
10010,204,Robert Johnson,2025-01-06,39.73
10011,241,James King,2025-01-06,177.3
10012,273,Kevin Moore,2025-01-06,188.59
10013,328,Eric Harris,2025-01-06,42.49
10014,343,Christopher White,2025-01-06,153.28
10015,206,Brian Scott,2025-01-07,142.33
10016,231,James Scott,2025-01-07,81.82
10017,260,Samantha Wright,2025-01-07,34.92
10018,338,Anthony Green,2025-01-07,52.16
10019,377,Brandon Reed,2025-01-07,63.62
10020,380,Rachel Johnson,2025-01-07,191.33
10021,310,Brandon Young,2025-01-08,91.72
10022,287,Brandon Reed,2025-01-09,62.75
10023,281,Marcus Carter,2025-01-10,63.48
10024,286,Vanessa Wilson,2025-01-10,33.59
10025,293,Jason White,2025-01-10,44.53
10026,346,Robert Davis,2025-01-10,56.85
10027,211,Ashley Davis,2025-01-11,125.19
10028,277,Jessica Davis,2025-01-11,43.58
10029,336,Jason Jackson,2025-01-11,108.16
10030,344,Michelle Clark,2025-01-11,147.96
10031,395,Ashley Nelson,2025-01-11,243.43
10032,365,Kevin Baker,2025-01-12,80.64
10033,213,Sarah Lewis,2025-01-13,74.74
10034,291,Jason Lopez,2025-01-13,154.96
10035,296,Sarah King,2025-01-13,25.26
10036,357,Lauren Davis,2025-01-13,64.03
10037,326,Michelle Walker,2025-01-14,98.23
10038,361,Eric Mitchell,2025-01-14,142.06
10039,218,Megan Martinez,2025-01-15,73.79
10040,224,Jessica Garcia,2025-01-15,57.42
10041,220,Sarah Green,2025-01-16,38.65
10042,267,Amanda Moore,2025-01-16,75.11
10043,358,Emily King,2025-01-16,141.52
10044,242,Robert Green,2025-01-17,85.37
10045,238,Brandon Thomas,2025-01-19,204.73
10046,241,James King,2025-01-20,132.5
10047,356,Amanda Lopez,2025-01-20,161.37
10048,360,Anthony Johnson,2025-01-20,26.01
10049,369,Christopher Jackson,2025-01-20,47.75
10050,400,Andrew Baker,2025-01-20,34.23
10051,208,Maria Walker,2025-01-21,92.54
10052,316,Anthony Green,2025-01-21,57.69
10053,359,Kevin Garcia,2025-01-22,130.65
10054,356,Amanda Lopez,2025-01-23,36.8
10055,252,Natalie Mitchell,2025-01-24,65.19
10056,264,Vanessa Wilson,2025-01-24,73.55
10057,383,Robert Nelson,2025-01-24,60.5
10058,331,Vanessa Johnson,2025-01-25,162.78
10059,367,Michael Reed,2025-01-25,143.61
10060,379,Ashley Lewis,2025-01-25,108.21
10061,326,Michelle Walker,2025-01-26,108.04
10062,330,Vanessa Lewis,2025-01-26,137.64
10063,375,Nicole Scott,2025-01-26,47.01
10064,399,Nicole Martinez,2025-01-26,193.53
10065,298,Brian Carter,2025-01-27,59.82
10066,311,Daniel Adams,2025-01-27,145.92
10067,207,Michelle Lewis,2025-01-28,127.73
10068,288,Jessica Young,2025-01-28,60.88
10069,309,Andrew Reed,2025-01-29,115.26
10070,308,David Clark,2025-01-30,127.83
10071,353,James Davis,2025-01-30,34.61
10072,380,Rachel Johnson,2025-01-30,75.23
10073,370,Marcus White,2025-01-31,147.92
10074,208,Maria Walker,2025-02-01,74.94
10075,250,Christopher Garcia,2025-02-01,227.82
10076,381,Marcus Brown,2025-02-01,58.14
10077,389,Anthony Adams,2025-02-01,64.36
10078,255,Samantha Brown,2025-02-02,35.46
10079,263,Olivia Green,2025-02-02,278.89
10080,226,Michael Lopez,2025-02-03,650.0
10081,246,Nicole Martinez,2025-02-03,92.31
10082,301,Samantha Taylor,2025-02-03,245.8
10083,223,Amanda Martinez,2025-02-04,65.14
10084,344,Michelle Clark,2025-02-04,137.7
10085,357,Lauren Davis,2025-02-04,289.47
10086,297,Eric Reed,2025-02-05,76.67
10087,397,James Brown,2025-02-05,242.02
10088,392,Brandon Davis,2025-02-06,109.05
10089,400,Andrew Baker,2025-02-07,24.41
10090,225,Vanessa Taylor,2025-02-08,50.4
10091,331,Vanessa Johnson,2025-02-08,86.33
10092,382,Emily White,2025-02-08,27.83
10093,201,Samantha Reed,2025-02-09,57.26
10094,307,Lauren Green,2025-02-09,57.1
10095,374,Michael Wilson,2025-02-09,135.44
10096,223,Amanda Martinez,2025-02-10,152.69
10097,318,Andrew Chen,2025-02-10,47.84
10098,337,Ashley Mitchell,2025-02-10,128.62
10099,339,Eric Wright,2025-02-10,83.29
10100,359,Kevin Garcia,2025-02-10,85.07
10101,208,Maria Walker,2025-02-11,197.02
10102,216,Anthony Jackson,2025-02-11,136.57
10103,282,Megan Moore,2025-02-12,340.43
10104,233,Michael Mitchell,2025-02-13,200.69
10105,245,Brandon Reed,2025-02-13,97.19
10106,271,Natalie Taylor,2025-02-13,85.81
10107,374,Michael Wilson,2025-02-13,650.0
10108,228,Christopher Nelson,2025-02-14,21.1
10109,243,Daniel Lopez,2025-02-15,118.37
10110,277,Jessica Davis,2025-02-15,144.42
10111,291,Jason Lopez,2025-02-15,51.49
10112,367,Michael Reed,2025-02-15,98.98
10113,225,Vanessa Taylor,2025-02-16,36.83
10114,268,Emily Lopez,2025-02-16,89.38
10115,400,Andrew Baker,2025-02-16,115.54
10116,291,Jason Lopez,2025-02-17,153.22
10117,292,Nicole Moore,2025-02-17,50.35
10118,337,Ashley Mitchell,2025-02-17,82.26
10119,383,Robert Nelson,2025-02-17,53.74
10120,244,Brandon Davis,2025-02-18,158.77
10121,327,Maria Lopez,2025-02-18,143.12
10122,350,Megan Davis,2025-02-18,50.63
10123,316,Anthony Green,2025-02-19,74.91
10124,307,Lauren Green,2025-02-20,75.13
10125,356,Amanda Lopez,2025-02-20,51.16
10126,361,Eric Mitchell,2025-02-20,71.03
10127,377,Brandon Reed,2025-02-20,92.04
10128,318,Andrew Chen,2025-02-21,70.57
10129,321,Michael Mitchell,2025-02-21,101.27
10130,230,Emily Baker,2025-02-22,86.52
10131,376,Amanda Baker,2025-02-22,30.94
10132,343,Christopher White,2025-02-23,87.58
10133,272,Ashley Young,2025-02-24,137.38
10134,303,Marcus Brown,2025-02-24,61.75
10135,326,Michelle Walker,2025-02-24,56.4
10136,313,Jason Garcia,2025-02-25,61.24
10137,327,Maria Lopez,2025-02-25,151.75
10138,348,Sarah Walker,2025-02-25,34.86
10139,365,Kevin Baker,2025-02-25,86.27
10140,262,Brian Taylor,2025-02-26,69.64
10141,339,Eric Wright,2025-02-27,159.77
10142,258,Rachel Moore,2025-03-02,96.66
10143,269,Ashley Mitchell,2025-03-02,91.46
10144,283,Christopher Davis,2025-03-02,45.1
10145,319,Jason Taylor,2025-03-02,61.63
10146,215,Samantha Wright,2025-03-03,179.01
10147,263,Olivia Green,2025-03-03,28.36
10148,350,Megan Davis,2025-03-03,112.0
10149,305,Eric Carter,2025-03-04,241.96
10150,392,Brandon Davis,2025-03-04,98.14
10151,236,Olivia Young,2025-03-05,77.95
10152,294,Lauren Martinez,2025-03-05,169.46
10153,296,Sarah King,2025-03-05,181.93
10154,370,Marcus White,2025-03-05,57.94
10155,279,Anthony Martinez,2025-03-06,72.66
10156,399,Nicole Martinez,2025-03-06,76.7
10157,247,Rachel Young,2025-03-08,163.09
10158,378,Robert Garcia,2025-03-08,82.55
10159,381,Marcus Brown,2025-03-09,81.11
10160,306,Eric Martinez,2025-03-10,116.15
10161,369,Christopher Jackson,2025-03-10,16.53
10162,235,Anthony Anderson,2025-03-11,70.53
10163,208,Maria Walker,2025-03-12,50.37
10164,227,Nicole Reed,2025-03-12,329.49
10165,263,Olivia Green,2025-03-12,160.21
10166,276,Jessica Martinez,2025-03-12,144.21
10167,287,Brandon Reed,2025-03-12,97.72
10168,292,Nicole Moore,2025-03-12,85.82
10169,340,Ashley Wright,2025-03-12,194.99
10170,334,David Martinez,2025-03-13,75.68
10171,361,Eric Mitchell,2025-03-14,25.58
10172,384,Andrew Lopez,2025-03-14,81.26
10173,397,James Brown,2025-03-14,26.62
10174,215,Samantha Wright,2025-03-15,73.69
10175,233,Michael Mitchell,2025-03-15,102.69
10176,331,Vanessa Johnson,2025-03-15,49.91
10177,400,Andrew Baker,2025-03-15,102.06
10178,332,Jessica King,2025-03-16,131.11
10179,397,James Brown,2025-03-16,33.26
10180,248,Olivia Thomas,2025-03-17,89.01
10181,253,Brian Young,2025-03-17,202.92
10182,209,Marcus Wilson,2025-03-19,106.15
10183,284,Jessica Clark,2025-03-19,79.37
10184,396,Nicole Carter,2025-03-19,205.59
10185,234,Nicole Lopez,2025-03-20,106.32
10186,246,Nicole Martinez,2025-03-20,56.01
10187,205,Eric Reed,2025-03-21,105.75
10188,286,Vanessa Wilson,2025-03-21,117.24
10189,387,Anthony Reed,2025-03-21,93.82
10190,249,David Thomas,2025-03-22,111.23
10191,257,Robert Brown,2025-03-22,37.71
10192,270,Megan Carter,2025-03-22,199.67
10193,272,Ashley Young,2025-03-22,46.59
10194,347,Maria Taylor,2025-03-22,138.72
10195,385,Rachel Baker,2025-03-22,42.75
10196,241,James King,2025-03-23,42.14
10197,377,Brandon Reed,2025-03-23,38.13
10198,391,Andrew Green,2025-03-23,32.46
10199,237,Jason Carter,2025-03-25,57.54
10200,304,Rachel Chen,2025-03-25,74.75
10201,335,Lauren Nelson,2025-03-25,32.46
10202,289,David Baker,2025-03-26,48.56
10203,207,Michelle Lewis,2025-03-27,52.06
10204,240,Natalie Lopez,2025-03-27,68.98
10205,289,David Baker,2025-03-27,179.15
10206,203,Emily Davis,2025-03-28,125.2
10207,236,Olivia Young,2025-03-28,46.98
10208,280,Eric Walker,2025-03-28,24.46
10209,211,Ashley Davis,2025-03-29,196.46
10210,333,Kevin Lewis,2025-03-29,47.53
10211,332,Jessica King,2025-03-30,54.89
10212,247,Rachel Young,2025-03-31,78.34
10213,306,Eric Martinez,2025-03-31,100.99
10214,217,Robert White,2025-04-01,74.08
10215,314,Jessica Thomas,2025-04-01,23.6
10216,258,Rachel Moore,2025-04-02,458.67
10217,312,Samantha Clark,2025-04-02,114.78
10218,354,Maria Carter,2025-04-02,69.0
10219,221,Justin Brown,2025-04-03,123.63
10220,224,Jessica Garcia,2025-04-03,43.21
10221,252,Natalie Mitchell,2025-04-03,73.82
10222,295,Anthony Nelson,2025-04-03,257.41
10223,309,Andrew Reed,2025-04-03,51.88
10224,336,Jason Jackson,2025-04-03,32.26
10225,262,Brian Taylor,2025-04-04,73.62
10226,273,Kevin Moore,2025-04-04,107.19
10227,343,Christopher White,2025-04-04,50.91
10228,329,Olivia Lopez,2025-04-05,101.73
10229,364,Robert Baker,2025-04-05,199.35
10230,382,Emily White,2025-04-05,77.48
10231,218,Megan Martinez,2025-04-06,162.12
10232,284,Jessica Clark,2025-04-06,167.53
10233,385,Rachel Baker,2025-04-06,135.81
10234,271,Natalie Taylor,2025-04-08,45.33
10235,320,Kevin Chen,2025-04-08,58.91
10236,223,Amanda Martinez,2025-04-10,68.86
10237,385,Rachel Baker,2025-04-10,140.43
10238,221,Justin Brown,2025-04-11,65.8
10239,272,Ashley Young,2025-04-11,37.65
10240,229,Christopher Hall,2025-04-12,44.39
10241,350,Megan Davis,2025-04-12,54.49
10242,220,Sarah Green,2025-04-13,68.42
10243,221,Justin Brown,2025-04-13,83.94
10244,318,Andrew Chen,2025-04-13,98.94
10245,334,David Martinez,2025-04-13,138.37
10246,300,Emily Green,2025-04-14,63.74
10247,303,Marcus Brown,2025-04-14,217.44
10248,209,Marcus Wilson,2025-04-15,222.86
10249,279,Anthony Martinez,2025-04-15,182.4
10250,310,Brandon Young,2025-04-15,35.95
10251,213,Sarah Lewis,2025-04-16,155.15
10252,236,Olivia Young,2025-04-16,67.25
10253,240,Natalie Lopez,2025-04-16,66.21
10254,337,Ashley Mitchell,2025-04-16,101.49
10255,383,Robert Nelson,2025-04-16,71.92
10256,386,Brandon Nelson,2025-04-16,44.53
10257,397,James Brown,2025-04-16,43.39
10258,230,Emily Baker,2025-04-17,97.06
10259,243,Daniel Lopez,2025-04-17,138.57
10260,293,Jason White,2025-04-17,39.97
10261,319,Jason Taylor,2025-04-17,220.97
10262,324,Daniel Davis,2025-04-17,121.03
10263,251,Brian Martinez,2025-04-19,56.76
10264,277,Jessica Davis,2025-04-19,101.36
10265,317,Andrew Clark,2025-04-19,176.21
10266,332,Jessica King,2025-04-19,72.81
10267,397,James Brown,2025-04-19,212.91
10268,204,Robert Johnson,2025-04-20,158.32
10269,273,Kevin Moore,2025-04-20,34.51
10270,323,Olivia Baker,2025-04-20,62.18
10271,326,Michelle Walker,2025-04-20,263.26
10272,347,Maria Taylor,2025-04-20,132.74
10273,316,Anthony Green,2025-04-21,139.6
10274,369,Christopher Jackson,2025-04-21,80.9
10275,201,Samantha Reed,2025-04-22,30.29
10276,228,Christopher Nelson,2025-04-22,30.27
10277,335,Lauren Nelson,2025-04-22,26.07
10278,340,Ashley Wright,2025-04-22,192.57
10279,374,Michael Wilson,2025-04-22,33.49
10280,255,Samantha Brown,2025-04-23,22.07
10281,232,Rachel Lewis,2025-04-24,36.53
10282,396,Nicole Carter,2025-04-24,174.67
10283,382,Emily White,2025-04-25,87.13
10284,319,Jason Taylor,2025-04-26,43.68
10285,358,Emily King,2025-04-26,91.9
10286,218,Megan Martinez,2025-04-27,126.7
10287,232,Rachel Lewis,2025-04-27,74.09
10288,317,Andrew Clark,2025-04-27,68.73
10289,330,Vanessa Lewis,2025-04-27,142.45
10290,380,Rachel Johnson,2025-04-27,47.9
10291,229,Christopher Hall,2025-04-28,51.03
10292,387,Anthony Reed,2025-04-28,109.41
10293,201,Samantha Reed,2025-04-29,90.27
10294,217,Robert White,2025-04-29,81.82
10295,304,Rachel Chen,2025-04-29,28.5
10296,316,Anthony Green,2025-04-29,40.23
10297,225,Vanessa Taylor,2025-04-30,162.41
10298,280,Eric Walker,2025-04-30,79.1
10299,280,Eric Walker,2025-05-01,40.24
10300,290,Brian Jackson,2025-05-01,124.01
10301,379,Ashley Lewis,2025-05-02,96.51
10302,295,Anthony Nelson,2025-05-03,62.72
10303,347,Maria Taylor,2025-05-03,81.31
10304,365,Kevin Baker,2025-05-04,100.53
10305,357,Lauren Davis,2025-05-05,70.45
10306,378,Robert Garcia,2025-05-05,136.03
10307,398,Nicole Chen,2025-05-05,57.32
10308,251,Brian Martinez,2025-05-06,52.99
10309,240,Natalie Lopez,2025-05-08,61.62
10310,244,Brandon Davis,2025-05-08,221.08
10311,248,Olivia Thomas,2025-05-09,109.16
10312,249,David Thomas,2025-05-09,21.92
10313,213,Sarah Lewis,2025-05-10,29.86
10314,290,Brian Jackson,2025-05-10,85.0
10315,353,James Davis,2025-05-10,58.36
10316,202,Sarah Scott,2025-05-11,27.78
10317,386,Brandon Nelson,2025-05-11,155.69
10318,324,Daniel Davis,2025-05-12,14.51
10319,334,David Martinez,2025-05-12,31.66
10320,348,Sarah Walker,2025-05-12,73.39
10321,314,Jessica Thomas,2025-05-13,26.65
10322,294,Lauren Martinez,2025-05-14,134.2
10323,296,Sarah King,2025-05-14,114.72
10324,328,Eric Harris,2025-05-14,124.87
10325,366,Marcus Garcia,2025-05-14,44.4
10326,353,James Davis,2025-05-15,226.81
10327,385,Rachel Baker,2025-05-15,64.3
10328,286,Vanessa Wilson,2025-05-16,55.6
10329,319,Jason Taylor,2025-05-16,65.87
10330,340,Ashley Wright,2025-05-16,89.26
10331,243,Daniel Lopez,2025-05-17,140.0
10332,261,Anthony Davis,2025-05-17,193.15
10333,259,Emily Mitchell,2025-05-18,129.6
10334,280,Eric Walker,2025-05-18,29.63
10335,315,Vanessa Brown,2025-05-18,13.09
10336,359,Kevin Garcia,2025-05-18,91.19
10337,378,Robert Garcia,2025-05-18,73.08
10338,207,Michelle Lewis,2025-05-19,71.79
10339,308,David Clark,2025-05-19,42.84
10340,366,Marcus Garcia,2025-05-19,92.88
10341,371,Brandon Scott,2025-05-19,32.88
10342,375,Nicole Scott,2025-05-19,39.41
10343,275,Samantha White,2025-05-20,113.04
10344,281,Marcus Carter,2025-05-20,118.08
10345,300,Emily Green,2025-05-20,75.88
10346,223,Amanda Martinez,2025-05-21,57.38
10347,313,Jason Garcia,2025-05-21,178.74
10348,373,Samantha Young,2025-05-21,50.04
10349,371,Brandon Scott,2025-05-22,186.04
10350,274,Michelle Mitchell,2025-05-23,50.02
10351,276,Jessica Martinez,2025-05-23,109.74
10352,338,Anthony Green,2025-05-23,44.99
10353,225,Vanessa Taylor,2025-05-24,182.39
10354,265,Robert Adams,2025-05-24,67.83
10355,269,Ashley Mitchell,2025-05-24,25.93
10356,272,Ashley Young,2025-05-24,61.11
10357,311,Daniel Adams,2025-05-24,42.09
10358,323,Olivia Baker,2025-05-24,234.64
10359,237,Jason Carter,2025-05-25,157.18
10360,400,Andrew Baker,2025-05-25,42.06
10361,215,Samantha Wright,2025-05-26,66.73
10362,391,Andrew Green,2025-05-26,21.45
10363,231,James Scott,2025-05-27,72.87
10364,287,Brandon Reed,2025-05-27,49.02
10365,220,Sarah Green,2025-05-28,43.08
10366,242,Robert Green,2025-05-28,114.85
10367,266,James Baker,2025-05-28,650.0
10368,326,Michelle Walker,2025-05-29,30.66
10369,376,Amanda Baker,2025-05-29,65.99
10370,394,Kevin Harris,2025-05-29,183.89
10371,367,Michael Reed,2025-05-30,102.38
10372,339,Eric Wright,2025-05-31,59.49
10373,204,Robert Johnson,2025-06-01,212.96
10374,255,Samantha Brown,2025-06-01,49.69
10375,306,Eric Martinez,2025-06-01,121.18
10376,215,Samantha Wright,2025-06-02,83.87
10377,297,Eric Reed,2025-06-02,75.52
10378,381,Marcus Brown,2025-06-02,89.57
10379,237,Jason Carter,2025-06-03,40.04
10380,376,Amanda Baker,2025-06-03,32.2
10381,235,Anthony Anderson,2025-06-04,173.95
10382,236,Olivia Young,2025-06-04,42.23
10383,313,Jason Garcia,2025-06-04,37.71
10384,393,David Jackson,2025-06-04,63.98
10385,356,Amanda Lopez,2025-06-05,77.26
10386,372,James King,2025-06-05,45.25
10387,210,Sarah Lopez,2025-06-06,61.88
10388,261,Anthony Davis,2025-06-06,128.06
10389,289,David Baker,2025-06-06,97.65
10390,246,Nicole Martinez,2025-06-07,56.55
10391,273,Kevin Moore,2025-06-07,88.26
10392,331,Vanessa Johnson,2025-06-07,100.09
10393,220,Sarah Green,2025-06-08,175.48
10394,347,Maria Taylor,2025-06-09,73.55
10395,303,Marcus Brown,2025-06-10,99.97
10396,295,Anthony Nelson,2025-06-11,50.11
10397,319,Jason Taylor,2025-06-13,276.98
10398,240,Natalie Lopez,2025-06-14,42.45
10399,328,Eric Harris,2025-06-14,188.9
10400,343,Christopher White,2025-06-14,120.46
10401,376,Amanda Baker,2025-06-16,46.59
10402,309,Andrew Reed,2025-06-17,30.31
10403,350,Megan Davis,2025-06-17,131.25
10404,355,James Nelson,2025-06-17,49.04
10405,373,Samantha Young,2025-06-17,105.4
10406,287,Brandon Reed,2025-06-18,115.07
10407,323,Olivia Baker,2025-06-18,36.71
10408,215,Samantha Wright,2025-06-19,208.23
10409,336,Jason Jackson,2025-06-19,137.58
10410,338,Anthony Green,2025-06-19,44.57
10411,221,Justin Brown,2025-06-20,114.78
10412,245,Brandon Reed,2025-06-20,163.34
10413,290,Brian Jackson,2025-06-20,71.66
10414,302,Michael Anderson,2025-06-20,34.4
10415,319,Jason Taylor,2025-06-20,69.85
10416,339,Eric Wright,2025-06-20,126.95
10417,358,Emily King,2025-06-21,23.46
10418,392,Brandon Davis,2025-06-21,32.0
10419,234,Nicole Lopez,2025-06-22,16.86
10420,203,Emily Davis,2025-06-23,50.46
10421,269,Ashley Mitchell,2025-06-23,43.53
10422,274,Michelle Mitchell,2025-06-23,32.74
10423,367,Michael Reed,2025-06-23,110.27
10424,353,James Davis,2025-06-24,86.23
10425,386,Brandon Nelson,2025-06-24,64.16
10426,384,Andrew Lopez,2025-06-25,34.36
10427,256,Anthony Scott,2025-06-27,49.14
10428,308,David Clark,2025-06-27,106.09
10429,324,Daniel Davis,2025-06-27,61.44
10430,387,Anthony Reed,2025-06-27,358.39
10431,318,Andrew Chen,2025-06-28,29.43
10432,351,Sarah Lopez,2025-06-28,156.33
10433,216,Anthony Jackson,2025-06-29,100.54
10434,299,Anthony Green,2025-06-29,86.98
10435,335,Lauren Nelson,2025-06-29,59.86
10436,380,Rachel Johnson,2025-06-29,55.93
10437,382,Emily White,2025-06-29,97.24
10438,393,David Jackson,2025-06-29,36.05
10439,204,Robert Johnson,2025-06-30,121.2
10440,210,Sarah Lopez,2025-06-30,90.21
10441,301,Samantha Taylor,2025-07-01,304.44
10442,324,Daniel Davis,2025-07-01,103.09
10443,362,Michelle Walker,2025-07-03,250.69
10444,375,Nicole Scott,2025-07-03,137.58
10445,376,Amanda Baker,2025-07-03,184.6
10446,238,Brandon Thomas,2025-07-04,54.4
10447,263,Olivia Green,2025-07-04,141.52
10448,298,Brian Carter,2025-07-04,89.19
10449,339,Eric Wright,2025-07-04,194.98
10450,349,Anthony Davis,2025-07-04,29.38
10451,379,Ashley Lewis,2025-07-04,35.54
10452,390,Sarah Lopez,2025-07-04,86.1
10453,395,Ashley Nelson,2025-07-04,34.91
10454,231,James Scott,2025-07-05,56.78
10455,393,David Jackson,2025-07-05,45.97
10456,301,Samantha Taylor,2025-07-06,71.45
10457,312,Samantha Clark,2025-07-07,125.26
10458,266,James Baker,2025-07-08,83.41
10459,269,Ashley Mitchell,2025-07-08,82.35
10460,373,Samantha Young,2025-07-08,172.88
10461,396,Nicole Carter,2025-07-08,22.55
10462,360,Anthony Johnson,2025-07-09,109.98
10463,356,Amanda Lopez,2025-07-10,97.2
10464,299,Anthony Green,2025-07-12,74.68
10465,356,Amanda Lopez,2025-07-12,45.24
10466,372,James King,2025-07-12,164.72
10467,288,Jessica Young,2025-07-13,76.98
10468,303,Marcus Brown,2025-07-14,36.88
10469,362,Michelle Walker,2025-07-14,100.71
10470,211,Ashley Davis,2025-07-15,106.65
10471,255,Samantha Brown,2025-07-15,102.56
10472,259,Emily Mitchell,2025-07-17,161.22
10473,359,Kevin Garcia,2025-07-17,53.53
10474,362,Michelle Walker,2025-07-17,114.92
10475,399,Nicole Martinez,2025-07-17,34.26
10476,334,David Martinez,2025-07-18,45.24
10477,379,Ashley Lewis,2025-07-18,119.49
10478,281,Marcus Carter,2025-07-19,32.99
10479,344,Michelle Clark,2025-07-19,104.91
10480,345,Rachel Reed,2025-07-19,86.75
10481,395,Ashley Nelson,2025-07-19,50.07
10482,323,Olivia Baker,2025-07-20,119.66
10483,388,James Young,2025-07-20,191.11
10484,249,David Thomas,2025-07-21,98.9
10485,296,Sarah King,2025-07-22,178.46
10486,209,Marcus Wilson,2025-07-23,165.83
10487,222,Natalie Jackson,2025-07-23,63.03
10488,317,Andrew Clark,2025-07-23,141.01
10489,357,Lauren Davis,2025-07-23,56.85
10490,208,Maria Walker,2025-07-24,231.78
10491,258,Rachel Moore,2025-07-24,44.09
10492,317,Andrew Clark,2025-07-24,116.06
10493,313,Jason Garcia,2025-07-25,142.17
10494,325,James Davis,2025-07-25,24.94
10495,344,Michelle Clark,2025-07-26,41.01
10496,382,Emily White,2025-07-26,123.12
10497,347,Maria Taylor,2025-07-27,43.23
10498,371,Brandon Scott,2025-07-27,84.43
10499,268,Emily Lopez,2025-07-28,109.74
10500,368,Brian Jackson,2025-07-28,143.84
10501,262,Brian Taylor,2025-07-30,62.35
10502,279,Anthony Martinez,2025-07-30,113.85
10503,288,Jessica Young,2025-07-30,77.39
10504,293,Jason White,2025-07-30,149.37
10505,303,Marcus Brown,2025-07-30,86.38
10506,388,James Young,2025-07-30,64.03
10507,278,Eric Lewis,2025-07-31,73.2
10508,283,Christopher Davis,2025-07-31,218.96
10509,322,Christopher Carter,2025-07-31,137.65
10510,227,Nicole Reed,2025-08-01,89.85
10511,377,Brandon Reed,2025-08-01,130.45
10512,267,Amanda Moore,2025-08-02,89.69
10513,368,Brian Jackson,2025-08-03,149.26
10514,383,Robert Nelson,2025-08-03,45.22
10515,333,Kevin Lewis,2025-08-04,92.24
10516,267,Amanda Moore,2025-08-05,217.77
10517,271,Natalie Taylor,2025-08-05,96.05
10518,285,Kevin Lopez,2025-08-05,82.33
10519,333,Kevin Lewis,2025-08-05,20.99
10520,368,Brian Jackson,2025-08-05,17.91
10521,203,Emily Davis,2025-08-07,115.69
10522,329,Olivia Lopez,2025-08-07,99.6
10523,238,Brandon Thomas,2025-08-08,35.62
10524,257,Robert Brown,2025-08-08,27.05
10525,279,Anthony Martinez,2025-08-08,104.64
10526,363,Megan Harris,2025-08-08,58.26
10527,229,Christopher Hall,2025-08-09,57.17
10528,232,Rachel Lewis,2025-08-09,33.51
10529,241,James King,2025-08-09,61.38
10530,252,Natalie Mitchell,2025-08-09,107.22
10531,227,Nicole Reed,2025-08-10,96.79
10532,226,Michael Lopez,2025-08-11,59.63
10533,267,Amanda Moore,2025-08-11,127.24
10534,325,James Davis,2025-08-11,18.83
10535,364,Robert Baker,2025-08-11,115.0
10536,282,Megan Moore,2025-08-12,71.09
10537,204,Robert Johnson,2025-08-13,79.95
10538,355,James Nelson,2025-08-14,22.57
10539,228,Christopher Nelson,2025-08-15,54.63
10540,234,Nicole Lopez,2025-08-15,93.72
10541,268,Emily Lopez,2025-08-15,49.9
10542,329,Olivia Lopez,2025-08-15,102.1
10543,361,Eric Mitchell,2025-08-15,178.88
10544,296,Sarah King,2025-08-16,127.32
10545,312,Samantha Clark,2025-08-16,53.08
10546,348,Sarah Walker,2025-08-16,79.81
10547,264,Vanessa Wilson,2025-08-17,123.21
10548,312,Samantha Clark,2025-08-17,162.34
10549,321,Michael Mitchell,2025-08-17,44.87
10550,208,Maria Walker,2025-08-18,44.96
10551,320,Kevin Chen,2025-08-18,72.97
10552,218,Megan Martinez,2025-08-19,16.8
10553,266,James Baker,2025-08-19,54.06
10554,224,Jessica Garcia,2025-08-20,50.48
10555,286,Vanessa Wilson,2025-08-20,113.34
10556,345,Rachel Reed,2025-08-20,69.0
10557,221,Justin Brown,2025-08-21,92.37
10558,305,Eric Carter,2025-08-21,50.89
10559,354,Maria Carter,2025-08-21,108.15
10560,365,Kevin Baker,2025-08-21,84.96
10561,229,Christopher Hall,2025-08-22,115.15
10562,341,Daniel Moore,2025-08-23,74.95
10563,271,Natalie Taylor,2025-08-24,52.9
10564,338,Anthony Green,2025-08-24,267.83
10565,340,Ashley Wright,2025-08-24,20.45
10566,272,Ashley Young,2025-08-26,94.25
10567,227,Nicole Reed,2025-08-27,40.86
10568,379,Ashley Lewis,2025-08-27,128.49
10569,400,Andrew Baker,2025-08-27,25.66
10570,239,Megan Garcia,2025-08-28,25.53
10571,265,Robert Adams,2025-08-28,90.46
10572,394,Kevin Harris,2025-08-28,95.84
10573,334,David Martinez,2025-08-29,234.35
10574,389,Anthony Adams,2025-08-29,52.48
10575,226,Michael Lopez,2025-08-30,52.25
10576,260,Samantha Wright,2025-08-30,97.44
10577,358,Emily King,2025-08-30,89.87
10578,370,Marcus White,2025-08-30,83.24
10579,387,Anthony Reed,2025-08-30,59.32
10580,393,David Jackson,2025-08-30,94.1
10581,294,Lauren Martinez,2025-08-31,72.33
10582,239,Megan Garcia,2025-09-01,62.83
10583,307,Lauren Green,2025-09-01,53.83
10584,205,Eric Reed,2025-09-02,14.0
10585,239,Megan Garcia,2025-09-02,211.34
10586,280,Eric Walker,2025-09-02,142.31
10587,336,Jason Jackson,2025-09-02,17.78
10588,360,Anthony Johnson,2025-09-02,51.43
10589,399,Nicole Martinez,2025-09-02,40.5
10590,252,Natalie Mitchell,2025-09-04,101.26
10591,266,James Baker,2025-09-04,105.57
10592,321,Michael Mitchell,2025-09-04,142.41
10593,363,Megan Harris,2025-09-04,37.52
10594,211,Ashley Davis,2025-09-05,111.07
10595,242,Robert Green,2025-09-05,97.53
10596,251,Brian Martinez,2025-09-05,91.94
10597,276,Jessica Martinez,2025-09-05,61.92
10598,209,Marcus Wilson,2025-09-06,25.91
10599,255,Samantha Brown,2025-09-06,46.57
10600,274,Michelle Mitchell,2025-09-06,65.33
10601,250,Christopher Garcia,2025-09-08,60.72
10602,291,Jason Lopez,2025-09-08,180.99
10603,377,Brandon Reed,2025-09-08,606.05
10604,384,Andrew Lopez,2025-09-08,36.27
10605,297,Eric Reed,2025-09-09,61.89
10606,208,Maria Walker,2025-09-11,266.09
10607,357,Lauren Davis,2025-09-11,90.05
10608,357,Lauren Davis,2025-09-12,214.46
10609,362,Michelle Walker,2025-09-12,86.7
10610,347,Maria Taylor,2025-09-13,40.16
10611,355,James Nelson,2025-09-13,103.32
10612,222,Natalie Jackson,2025-09-14,36.35
10613,249,David Thomas,2025-09-14,29.18
10614,359,Kevin Garcia,2025-09-14,215.2
10615,212,Lauren Hall,2025-09-15,26.36
10616,217,Robert White,2025-09-16,77.25
10617,270,Megan Carter,2025-09-16,30.09
10618,276,Jessica Martinez,2025-09-16,97.76
10619,342,Brian Young,2025-09-17,192.51
10620,396,Nicole Carter,2025-09-17,59.45
10621,323,Olivia Baker,2025-09-18,65.92
10622,363,Megan Harris,2025-09-18,31.39
10623,316,Anthony Green,2025-09-19,99.3
10624,328,Eric Harris,2025-09-19,26.97
10625,241,James King,2025-09-20,50.21
10626,257,Robert Brown,2025-09-20,88.04
10627,330,Vanessa Lewis,2025-09-20,38.27
10628,361,Eric Mitchell,2025-09-20,46.96
10629,364,Robert Baker,2025-09-20,249.65
10630,370,Marcus White,2025-09-21,291.71
10631,306,Eric Martinez,2025-09-22,46.61
10632,309,Andrew Reed,2025-09-22,86.44
10633,339,Eric Wright,2025-09-22,27.32
10634,290,Brian Jackson,2025-09-23,77.4
10635,311,Daniel Adams,2025-09-23,137.61
10636,397,James Brown,2025-09-23,74.37
10637,392,Brandon Davis,2025-09-24,27.85
10638,260,Samantha Wright,2025-09-25,41.92
10639,294,Lauren Martinez,2025-09-25,108.64
10640,342,Brian Young,2025-09-25,37.05
10641,393,David Jackson,2025-09-25,115.47
10642,394,Kevin Harris,2025-09-26,279.96
10643,317,Andrew Clark,2025-09-27,91.24
10644,346,Robert Davis,2025-09-27,228.72
10645,256,Anthony Scott,2025-09-28,84.23
10646,318,Andrew Chen,2025-09-28,62.42
10647,328,Eric Harris,2025-09-28,82.3
10648,295,Anthony Nelson,2025-09-29,81.17
10649,215,Samantha Wright,2025-09-30,149.9
10650,219,Justin Nelson,2025-10-01,75.48
10651,251,Brian Martinez,2025-10-01,125.81
10652,260,Samantha Wright,2025-10-01,62.68
10653,270,Megan Carter,2025-10-01,21.17
10654,285,Kevin Lopez,2025-10-02,13.34
10655,216,Anthony Jackson,2025-10-03,76.7
10656,274,Michelle Mitchell,2025-10-03,41.25
10657,284,Jessica Clark,2025-10-03,163.42
10658,290,Brian Jackson,2025-10-03,63.56
10659,210,Sarah Lopez,2025-10-04,49.46
10660,298,Brian Carter,2025-10-04,21.13
10661,212,Lauren Hall,2025-10-05,34.82
10662,352,Natalie Young,2025-10-05,44.87
10663,369,Christopher Jackson,2025-10-05,77.58
10664,232,Rachel Lewis,2025-10-07,86.63
10665,240,Natalie Lopez,2025-10-07,61.9
10666,244,Brandon Davis,2025-10-07,74.7
10667,259,Emily Mitchell,2025-10-07,59.88
10668,337,Ashley Mitchell,2025-10-08,219.03
10669,372,James King,2025-10-08,42.5
10670,205,Eric Reed,2025-10-09,66.42
10671,249,David Thomas,2025-10-09,152.44
10672,297,Eric Reed,2025-10-09,169.76
10673,378,Robert Garcia,2025-10-09,42.24
10674,211,Ashley Davis,2025-10-10,28.3
10675,342,Brian Young,2025-10-10,83.78
10676,358,Emily King,2025-10-10,132.92
10677,370,Marcus White,2025-10-10,62.44
10678,205,Eric Reed,2025-10-11,44.92
10679,345,Rachel Reed,2025-10-11,39.42
10680,396,Nicole Carter,2025-10-11,18.35
10681,289,David Baker,2025-10-12,17.34
10682,321,Michael Mitchell,2025-10-12,159.04
10683,377,Brandon Reed,2025-10-12,119.65
10684,279,Anthony Martinez,2025-10-13,25.85
10685,226,Michael Lopez,2025-10-14,157.86
10686,253,Brian Young,2025-10-14,89.31
10687,297,Eric Reed,2025-10-14,81.42
10688,349,Anthony Davis,2025-10-14,55.35
10689,391,Andrew Green,2025-10-14,125.65
10690,283,Christopher Davis,2025-10-15,69.77
10691,381,Marcus Brown,2025-10-15,17.23
10692,332,Jessica King,2025-10-16,39.81
10693,219,Justin Nelson,2025-10-17,124.05
10694,292,Nicole Moore,2025-10-17,100.01
10695,330,Vanessa Lewis,2025-10-17,233.04
10696,386,Brandon Nelson,2025-10-17,104.39
10697,203,Emily Davis,2025-10-18,132.42
10698,249,David Thomas,2025-10-18,55.56
10699,285,Kevin Lopez,2025-10-18,65.39
10700,353,James Davis,2025-10-18,63.88
10701,384,Andrew Lopez,2025-10-18,123.46
10702,213,Sarah Lewis,2025-10-19,101.89
10703,239,Megan Garcia,2025-10-19,52.26
10704,240,Natalie Lopez,2025-10-19,111.07
10705,288,Jessica Young,2025-10-19,318.7
10706,309,Andrew Reed,2025-10-19,74.94
10707,334,David Martinez,2025-10-19,96.27
10708,351,Sarah Lopez,2025-10-19,40.59
10709,258,Rachel Moore,2025-10-20,19.23
10710,344,Michelle Clark,2025-10-20,55.18
10711,263,Olivia Green,2025-10-21,87.93
10712,230,Emily Baker,2025-10-22,41.59
10713,257,Robert Brown,2025-10-22,116.03
10714,258,Rachel Moore,2025-10-22,138.97
10715,253,Brian Young,2025-10-23,37.81
10716,250,Christopher Garcia,2025-10-24,32.28
10717,265,Robert Adams,2025-10-24,106.48
10718,332,Jessica King,2025-10-24,160.81
10719,392,Brandon Davis,2025-10-24,118.28
10720,247,Rachel Young,2025-10-25,52.6
10721,315,Vanessa Brown,2025-10-25,63.85
10722,318,Andrew Chen,2025-10-25,37.79
10723,379,Ashley Lewis,2025-10-25,57.76
10724,242,Robert Green,2025-10-26,78.15
10725,294,Lauren Martinez,2025-10-26,34.85
10726,304,Rachel Chen,2025-10-26,59.58
10727,369,Christopher Jackson,2025-10-27,42.58
10728,378,Robert Garcia,2025-10-27,50.34
10729,392,Brandon Davis,2025-10-29,92.59
10730,396,Nicole Carter,2025-10-29,55.27
10731,202,Sarah Scott,2025-10-30,45.37
10732,297,Eric Reed,2025-10-30,49.05
10733,311,Daniel Adams,2025-10-30,49.11
10734,214,Ashley Wright,2025-11-01,109.48
10735,206,Brian Scott,2025-11-02,89.81
10736,219,Justin Nelson,2025-11-02,31.3
10737,264,Vanessa Wilson,2025-11-02,56.82
10738,313,Jason Garcia,2025-11-02,92.53
10739,221,Justin Brown,2025-11-03,73.11
10740,222,Natalie Jackson,2025-11-03,68.91
10741,254,Maria Hall,2025-11-03,108.03
10742,325,James Davis,2025-11-03,88.28
10743,388,James Young,2025-11-03,68.55
10744,266,James Baker,2025-11-04,35.12
10745,275,Samantha White,2025-11-04,75.3
10746,364,Robert Baker,2025-11-04,194.52
10747,228,Christopher Nelson,2025-11-05,68.71
10748,288,Jessica Young,2025-11-05,87.37
10749,332,Jessica King,2025-11-05,261.22
10750,222,Natalie Jackson,2025-11-06,397.62
10751,225,Vanessa Taylor,2025-11-06,106.65
10752,250,Christopher Garcia,2025-11-06,75.79
10753,300,Emily Green,2025-11-06,131.29
10754,310,Brandon Young,2025-11-06,75.14
10755,267,Amanda Moore,2025-11-07,82.15
10756,276,Jessica Martinez,2025-11-07,17.31
10757,372,James King,2025-11-07,52.42
10758,398,Nicole Chen,2025-11-07,208.13
10759,295,Anthony Nelson,2025-11-08,32.2
10760,322,Christopher Carter,2025-11-08,163.27
10761,392,Brandon Davis,2025-11-08,27.16
10762,214,Ashley Wright,2025-11-09,51.26
10763,280,Eric Walker,2025-11-09,76.44
10764,333,Kevin Lewis,2025-11-09,83.88
10765,335,Lauren Nelson,2025-11-09,212.81
10766,365,Kevin Baker,2025-11-09,54.31
10767,367,Michael Reed,2025-11-09,90.77
10768,212,Lauren Hall,2025-11-10,20.78
10769,215,Samantha Wright,2025-11-11,312.13
10770,293,Jason White,2025-11-11,174.96
10771,295,Anthony Nelson,2025-11-12,62.7
10772,304,Rachel Chen,2025-11-12,47.3
10773,354,Maria Carter,2025-11-12,46.46
10774,376,Amanda Baker,2025-11-12,38.06
10775,202,Sarah Scott,2025-11-13,33.33
10776,223,Amanda Martinez,2025-11-13,57.19
10777,238,Brandon Thomas,2025-11-13,109.04
10778,299,Anthony Green,2025-11-13,149.54
10779,371,Brandon Scott,2025-11-13,27.61
10780,234,Nicole Lopez,2025-11-14,42.72
10781,237,Jason Carter,2025-11-14,223.33
10782,289,David Baker,2025-11-14,52.68
10783,218,Megan Martinez,2025-11-15,85.01
10784,292,Nicole Moore,2025-11-15,94.8
10785,308,David Clark,2025-11-15,160.61
10786,384,Andrew Lopez,2025-11-15,70.55
10787,230,Emily Baker,2025-11-16,118.94
10788,278,Eric Lewis,2025-11-16,34.45
10789,383,Robert Nelson,2025-11-16,79.02
10790,268,Emily Lopez,2025-11-17,85.9
10791,280,Eric Walker,2025-11-17,53.16
10792,327,Maria Lopez,2025-11-17,88.33
10793,395,Ashley Nelson,2025-11-17,223.93
10794,201,Samantha Reed,2025-11-18,175.76
10795,325,James Davis,2025-11-18,206.54
10796,217,Robert White,2025-11-19,39.17
10797,294,Lauren Martinez,2025-11-19,61.2
10798,235,Anthony Anderson,2025-11-20,64.82
10799,346,Robert Davis,2025-11-20,74.41
10800,248,Olivia Thomas,2025-11-21,79.38
10801,273,Kevin Moore,2025-11-21,90.02
10802,388,James Young,2025-11-21,53.85
10803,334,David Martinez,2025-11-22,47.51
10804,389,Anthony Adams,2025-11-22,31.33
10805,251,Brian Martinez,2025-11-23,49.12
10806,265,Robert Adams,2025-11-23,121.36
10807,247,Rachel Young,2025-11-24,85.24
10808,268,Emily Lopez,2025-11-24,210.37
10809,306,Eric Martinez,2025-11-24,92.57
10810,258,Rachel Moore,2025-11-25,37.15
10811,265,Robert Adams,2025-11-25,35.85
10812,275,Samantha White,2025-11-25,65.58
10813,321,Michael Mitchell,2025-11-25,33.25
10814,356,Amanda Lopez,2025-11-25,59.58
10815,298,Brian Carter,2025-11-26,18.78
10816,235,Anthony Anderson,2025-11-27,74.12
10817,285,Kevin Lopez,2025-11-27,130.65
10818,300,Emily Green,2025-11-27,238.57
10819,217,Robert White,2025-11-28,43.47
10820,337,Ashley Mitchell,2025-11-28,79.82
10821,363,Megan Harris,2025-11-28,201.59
10822,375,Nicole Scott,2025-11-28,19.02
10823,351,Sarah Lopez,2025-11-29,48.15
10824,358,Emily King,2025-11-29,112.37
10825,202,Sarah Scott,2025-12-01,41.27
10826,227,Nicole Reed,2025-12-03,169.4
10827,260,Samantha Wright,2025-12-04,61.02
10828,275,Samantha White,2025-12-04,158.14
10829,378,Robert Garcia,2025-12-04,182.05
10830,212,Lauren Hall,2025-12-05,42.21
10831,321,Michael Mitchell,2025-12-05,93.75
10832,328,Eric Harris,2025-12-05,126.21
10833,244,Brandon Davis,2025-12-06,86.32
10834,271,Natalie Taylor,2025-12-06,153.31
10835,277,Jessica Davis,2025-12-06,59.65
10836,303,Marcus Brown,2025-12-06,101.33
10837,307,Lauren Green,2025-12-06,49.86
10838,331,Vanessa Johnson,2025-12-06,86.34
10839,368,Brian Jackson,2025-12-06,80.65
10840,381,Marcus Brown,2025-12-06,106.83
10841,243,Daniel Lopez,2025-12-07,136.71
10842,267,Amanda Moore,2025-12-07,44.89
10843,234,Nicole Lopez,2025-12-08,50.41
10844,237,Jason Carter,2025-12-08,315.52
10845,380,Rachel Johnson,2025-12-08,176.15
10846,398,Nicole Chen,2025-12-08,32.6
10847,275,Samantha White,2025-12-09,59.16
10848,293,Jason White,2025-12-10,149.81
10849,312,Samantha Clark,2025-12-10,206.67
10850,254,Maria Hall,2025-12-11,135.29
10851,300,Emily Green,2025-12-11,48.07
10852,285,Kevin Lopez,2025-12-12,216.92
10853,315,Vanessa Brown,2025-12-12,67.38
10854,395,Ashley Nelson,2025-12-12,100.85
10855,243,Daniel Lopez,2025-12-13,60.89
10856,320,Kevin Chen,2025-12-13,93.24
10857,343,Christopher White,2025-12-13,172.65
10858,384,Andrew Lopez,2025-12-13,61.36
10859,231,James Scott,2025-12-14,262.18
10860,234,Nicole Lopez,2025-12-14,105.9
10861,238,Brandon Thomas,2025-12-16,65.75
10862,322,Christopher Carter,2025-12-16,113.23
10863,380,Rachel Johnson,2025-12-16,27.56
10864,256,Anthony Scott,2025-12-17,164.15
10865,313,Jason Garcia,2025-12-17,26.91
10866,236,Olivia Young,2025-12-18,51.45
10867,278,Eric Lewis,2025-12-18,80.62
10868,248,Olivia Thomas,2025-12-19,166.81
10869,298,Brian Carter,2025-12-19,28.3
10870,309,Andrew Reed,2025-12-19,35.29
10871,333,Kevin Lewis,2025-12-19,90.32
10872,201,Samantha Reed,2025-12-20,65.84
10873,232,Rachel Lewis,2025-12-20,58.51
10874,257,Robert Brown,2025-12-21,91.14
10875,272,Ashley Young,2025-12-21,149.15
10876,247,Rachel Young,2025-12-22,164.88
10877,345,Rachel Reed,2025-12-22,176.16
10878,354,Maria Carter,2025-12-22,116.99
10879,278,Eric Lewis,2025-12-23,55.78
10880,345,Rachel Reed,2025-12-23,105.24
10881,386,Brandon Nelson,2025-12-23,182.65
10882,329,Olivia Lopez,2025-12-24,93.51
10883,208,Maria Walker,2025-12-25,194.21
10884,237,Jason Carter,2025-12-25,119.89
10885,309,Andrew Reed,2025-12-25,106.93
10886,341,Daniel Moore,2025-12-25,135.45
10887,367,Michael Reed,2025-12-25,130.38
10888,231,James Scott,2025-12-26,128.54
10889,245,Brandon Reed,2025-12-26,62.5
10890,283,Christopher Davis,2025-12-26,37.65
10891,302,Michael Anderson,2025-12-26,166.17
10892,206,Brian Scott,2025-12-27,44.5
10893,212,Lauren Hall,2025-12-27,159.11
10894,230,Emily Baker,2025-12-27,194.2
10895,243,Daniel Lopez,2025-12-27,210.01
10896,269,Ashley Mitchell,2025-12-27,81.93
10897,245,Brandon Reed,2025-12-28,107.96
10898,346,Robert Davis,2025-12-28,141.4
10899,230,Emily Baker,2025-12-29,91.23
10900,233,Michael Mitchell,2025-12-29,69.84
10901,256,Anthony Scott,2025-12-29,57.58
10902,270,Megan Carter,2025-12-29,92.08
10903,381,Marcus Brown,2025-12-29,33.46
10904,312,Samantha Clark,2025-12-30,184.81
10905,351,Sarah Lopez,2025-12-30,130.04
10906,347,Maria Taylor,2025-12-31,147.6
10907,334,David Martinez,2026-01-01,53.99
10908,332,Jessica King,2026-01-02,88.6
10909,359,Kevin Garcia,2026-01-02,125.07
10910,335,Lauren Nelson,2026-01-03,67.47
10911,398,Nicole Chen,2026-01-03,180.15
10912,369,Christopher Jackson,2026-01-04,57.06
10913,273,Kevin Moore,2026-01-05,30.64
10914,238,Brandon Thomas,2026-01-06,117.09
10915,226,Michael Lopez,2026-01-07,128.58
10916,238,Brandon Thomas,2026-01-07,68.86
10917,352,Natalie Young,2026-01-07,26.28
10918,322,Christopher Carter,2026-01-08,73.07
10919,336,Jason Jackson,2026-01-08,113.24
10920,360,Anthony Johnson,2026-01-08,62.2
10921,349,Anthony Davis,2026-01-09,55.39
10922,224,Jessica Garcia,2026-01-10,99.07
10923,342,Brian Young,2026-01-10,88.03
10924,354,Maria Carter,2026-01-10,116.37
10925,282,Megan Moore,2026-01-11,145.42
10926,361,Eric Mitchell,2026-01-11,126.67
10927,244,Brandon Davis,2026-01-12,101.99
10928,393,David Jackson,2026-01-14,148.23
10929,226,Michael Lopez,2026-01-15,86.55
10930,246,Nicole Martinez,2026-01-15,130.92
10931,268,Emily Lopez,2026-01-15,36.04
10932,246,Nicole Martinez,2026-01-16,58.12
10933,290,Brian Jackson,2026-01-16,27.41
10934,296,Sarah King,2026-01-17,61.68
10935,349,Anthony Davis,2026-01-17,68.57
10936,261,Anthony Davis,2026-01-18,82.29
10937,270,Megan Carter,2026-01-18,65.39
10938,373,Samantha Young,2026-01-18,54.06
10939,310,Brandon Young,2026-01-19,53.55
10940,382,Emily White,2026-01-19,127.59
10941,209,Marcus Wilson,2026-01-20,94.01
10942,284,Jessica Clark,2026-01-20,203.26
10943,363,Megan Harris,2026-01-20,93.13
10944,293,Jason White,2026-01-21,78.78
10945,359,Kevin Garcia,2026-01-22,82.52
10946,302,Michael Anderson,2026-01-23,112.38
10947,340,Ashley Wright,2026-01-23,204.99
10948,355,James Nelson,2026-01-23,319.52
10949,360,Anthony Johnson,2026-01-24,93.25
10950,394,Kevin Harris,2026-01-24,189.66
10951,214,Ashley Wright,2026-01-25,95.8
10952,255,Samantha Brown,2026-01-25,43.49
10953,274,Michelle Mitchell,2026-01-25,36.47
10954,275,Samantha White,2026-01-25,128.0
10955,326,Michelle Walker,2026-01-26,143.47
10956,327,Maria Lopez,2026-01-26,58.61
10957,341,Daniel Moore,2026-01-26,157.66
10958,365,Kevin Baker,2026-01-27,42.89
10959,389,Anthony Adams,2026-01-27,140.96
10960,260,Samantha Wright,2026-01-28,149.64
10961,314,Jessica Thomas,2026-01-28,93.51
10962,222,Natalie Jackson,2026-01-29,16.96
10963,281,Marcus Carter,2026-01-29,118.31
10964,398,Nicole Chen,2026-01-29,66.04
10965,340,Ashley Wright,2026-01-30,109.97
10966,357,Lauren Davis,2026-01-30,36.2
10967,253,Brian Young,2026-01-31,65.03
10968,309,Andrew Reed,2026-01-31,73.08
10969,330,Vanessa Lewis,2026-01-31,179.27
10970,369,Christopher Jackson,2026-01-31,43.14
10971,305,Eric Carter,2026-02-01,34.71
10972,324,Daniel Davis,2026-02-01,65.15
10973,327,Maria Lopez,2026-02-01,99.54
10974,370,Marcus White,2026-02-01,68.77
10975,373,Samantha Young,2026-02-01,48.21
10976,298,Brian Carter,2026-02-02,123.62
10977,306,Eric Martinez,2026-02-02,36.17
10978,311,Daniel Adams,2026-02-02,61.84
10979,369,Christopher Jackson,2026-02-02,49.87
10980,273,Kevin Moore,2026-02-03,240.17
10981,343,Christopher White,2026-02-03,98.9
10982,399,Nicole Martinez,2026-02-03,67.78
10983,206,Brian Scott,2026-02-04,35.12
10984,355,James Nelson,2026-02-04,39.93
10985,388,James Young,2026-02-04,82.07
10986,394,Kevin Harris,2026-02-04,60.27
10987,301,Samantha Taylor,2026-02-05,57.42
10988,288,Jessica Young,2026-02-06,183.05
10989,252,Natalie Mitchell,2026-02-07,40.24
10990,254,Maria Hall,2026-02-07,122.64
10991,375,Nicole Scott,2026-02-07,91.24
10992,207,Michelle Lewis,2026-02-08,139.29
10993,389,Anthony Adams,2026-02-08,68.05
10994,224,Jessica Garcia,2026-02-09,112.04
10995,355,James Nelson,2026-02-09,47.06
10996,300,Emily Green,2026-02-10,136.19
10997,307,Lauren Green,2026-02-10,94.62
10998,380,Rachel Johnson,2026-02-10,97.03
10999,209,Marcus Wilson,2026-02-11,65.05
11000,224,Jessica Garcia,2026-02-11,47.38
11001,233,Michael Mitchell,2026-02-11,35.12
11002,270,Megan Carter,2026-02-11,71.98
11003,306,Eric Martinez,2026-02-11,90.23
11004,310,Brandon Young,2026-02-11,37.58
11005,336,Jason Jackson,2026-02-11,54.98
11006,304,Rachel Chen,2026-02-12,51.04
11007,350,Megan Davis,2026-02-12,66.58
11008,366,Marcus Garcia,2026-02-13,52.37
11009,244,Brandon Davis,2026-02-14,147.39
11010,277,Jessica Davis,2026-02-14,147.94
11011,364,Robert Baker,2026-02-14,90.18
11012,231,James Scott,2026-02-15,33.52
11013,292,Nicole Moore,2026-02-15,113.05
11014,296,Sarah King,2026-02-15,13.12
11015,349,Anthony Davis,2026-02-15,37.69
11016,289,David Baker,2026-02-16,88.46
11017,307,Lauren Green,2026-02-16,236.78
11018,202,Sarah Scott,2026-02-17,58.74
11019,284,Jessica Clark,2026-02-17,67.49
11020,217,Robert White,2026-02-18,176.65
11021,308,David Clark,2026-02-18,92.05
11022,314,Jessica Thomas,2026-02-18,107.68
11023,329,Olivia Lopez,2026-02-18,61.8
11024,345,Rachel Reed,2026-02-18,71.16
11025,311,Daniel Adams,2026-02-19,26.45
11026,386,Brandon Nelson,2026-02-20,29.83
11027,218,Megan Martinez,2026-02-22,201.67
11028,202,Sarah Scott,2026-02-23,174.18
11029,225,Vanessa Taylor,2026-02-23,69.73
11030,263,Olivia Green,2026-02-23,63.01
11031,276,Jessica Martinez,2026-02-23,86.81
11032,220,Sarah Green,2026-02-24,272.09
11033,323,Olivia Baker,2026-02-24,77.26
11034,230,Emily Baker,2026-02-25,56.46
11035,372,James King,2026-02-26,107.35
11036,333,Kevin Lewis,2026-02-27,54.8
11037,346,Robert Davis,2026-02-27,192.94
11038,268,Emily Lopez,2026-02-28,74.0
11039,302,Michael Anderson,2026-02-28,59.12
11040,313,Jason Garcia,2026-02-28,73.76
11041,352,Natalie Young,2026-02-28,110.25
11042,372,James King,2026-02-28,115.68
11043,375,Nicole Scott,2026-02-28,180.6
11044,232,Rachel Lewis,2026-03-01,45.0
11045,284,Jessica Clark,2026-03-01,65.45
11046,261,Anthony Davis,2026-03-02,12.03
11047,362,Michelle Walker,2026-03-02,112.94
11048,390,Sarah Lopez,2026-03-02,63.55
11049,316,Anthony Green,2026-03-03,88.81
11050,327,Maria Lopez,2026-03-03,36.66
11051,365,Kevin Baker,2026-03-03,69.71
11052,305,Eric Carter,2026-03-05,80.94
11053,311,Daniel Adams,2026-03-05,84.94
11054,206,Brian Scott,2026-03-06,108.35
11055,302,Michael Anderson,2026-03-06,57.54
11056,376,Amanda Baker,2026-03-06,74.0
11057,319,Jason Taylor,2026-03-08,52.58
11058,326,Michelle Walker,2026-03-09,19.95
11059,230,Emily Baker,2026-03-10,107.46
11060,342,Brian Young,2026-03-10,128.77
11061,348,Sarah Walker,2026-03-10,66.72
11062,222,Natalie Jackson,2026-03-11,52.62
11063,264,Vanessa Wilson,2026-03-11,93.62
11064,390,Sarah Lopez,2026-03-11,102.13
11065,204,Robert Johnson,2026-03-12,130.23
11066,212,Lauren Hall,2026-03-12,54.3
11067,390,Sarah Lopez,2026-03-12,128.6
11068,245,Brandon Reed,2026-03-13,110.33
11069,207,Michelle Lewis,2026-03-15,184.9
11070,214,Ashley Wright,2026-03-16,89.8
11071,242,Robert Green,2026-03-16,63.35
11072,285,Kevin Lopez,2026-03-16,71.03
11073,314,Jessica Thomas,2026-03-16,39.6
11074,341,Daniel Moore,2026-03-16,23.52
11075,229,Christopher Hall,2026-03-17,57.55
11076,232,Rachel Lewis,2026-03-17,108.22
11077,275,Samantha White,2026-03-17,141.47
11078,277,Jessica Davis,2026-03-17,75.39
11079,389,Anthony Adams,2026-03-19,124.63
11080,201,Samantha Reed,2026-03-21,101.84
11081,221,Justin Brown,2026-03-21,98.02
11082,271,Natalie Taylor,2026-03-21,91.34
11083,303,Marcus Brown,2026-03-21,43.96
11084,314,Jessica Thomas,2026-03-21,87.24
11085,315,Vanessa Brown,2026-03-21,103.71
11086,358,Emily King,2026-03-21,290.77
11087,365,Kevin Baker,2026-03-21,83.33
11088,366,Marcus Garcia,2026-03-21,60.5
11089,210,Sarah Lopez,2026-03-22,148.31
11090,294,Lauren Martinez,2026-03-22,38.94
11091,331,Vanessa Johnson,2026-03-22,133.06
11092,201,Samantha Reed,2026-03-23,19.78
11093,233,Michael Mitchell,2026-03-23,186.77
11094,244,Brandon Davis,2026-03-24,83.49
11095,272,Ashley Young,2026-03-24,100.37
11096,355,James Nelson,2026-03-24,115.51
11097,344,Michelle Clark,2026-03-26,67.91
11098,205,Eric Reed,2026-03-27,54.43
11099,220,Sarah Green,2026-03-27,75.24
11100,235,Anthony Anderson,2026-03-27,63.1
11101,244,Brandon Davis,2026-03-27,45.02
11102,275,Samantha White,2026-03-27,15.64
11103,287,Brandon Reed,2026-03-27,53.15
11104,338,Anthony Green,2026-03-27,74.47
11105,223,Amanda Martinez,2026-03-28,162.29
11106,282,Megan Moore,2026-03-28,16.45
11107,367,Michael Reed,2026-03-28,31.72
11108,216,Anthony Jackson,2026-03-29,60.08
11109,257,Robert Brown,2026-03-29,55.03
11110,354,Maria Carter,2026-03-29,336.1
11111,367,Michael Reed,2026-03-29,51.37
11112,397,James Brown,2026-03-29,299.75
11113,214,Ashley Wright,2026-03-30,27.89
11114,353,James Davis,2026-03-30,163.14
11115,357,Lauren Davis,2026-03-30,130.11
11116,372,James King,2026-03-30,77.99
11117,221,Justin Brown,2026-03-31,70.16
11118,226,Michael Lopez,2026-03-31,118.25
11119,239,Megan Garcia,2026-03-31,192.05
11120,245,Brandon Reed,2026-03-31,44.9
11121,246,Nicole Martinez,2026-03-31,54.1
11122,316,Anthony Green,2026-03-31,116.97
11123,382,Emily White,2026-03-31,129.56
11124,226,Michael Lopez,2026-04-01,29.73
11125,247,Rachel Young,2026-04-01,88.82
11126,286,Vanessa Wilson,2026-04-01,62.76
11127,352,Natalie Young,2026-04-01,68.24
11128,262,Brian Taylor,2026-04-02,117.0
11129,297,Eric Reed,2026-04-02,69.85
11130,335,Lauren Nelson,2026-04-02,63.9
11131,245,Brandon Reed,2026-04-03,99.86
11132,260,Samantha Wright,2026-04-03,91.26
11133,351,Sarah Lopez,2026-04-03,109.04
11134,388,James Young,2026-04-03,274.53
11135,393,David Jackson,2026-04-03,46.32
11136,235,Anthony Anderson,2026-04-05,25.14
11137,239,Megan Garcia,2026-04-05,45.26
11138,241,James King,2026-04-05,73.42
11139,246,Nicole Martinez,2026-04-06,76.62
11140,248,Olivia Thomas,2026-04-06,59.7
11141,251,Brian Martinez,2026-04-06,32.08
11142,214,Ashley Wright,2026-04-07,117.28
11143,236,Olivia Young,2026-04-07,49.49
11144,253,Brian Young,2026-04-07,93.77
11145,349,Anthony Davis,2026-04-07,82.92
11146,352,Natalie Young,2026-04-07,195.3
11147,375,Nicole Scott,2026-04-07,33.33
11148,228,Christopher Nelson,2026-04-08,88.17
11149,229,Christopher Hall,2026-04-08,65.81
11150,284,Jessica Clark,2026-04-08,81.38
11151,295,Anthony Nelson,2026-04-08,46.13
11152,374,Michael Wilson,2026-04-08,41.8
11153,212,Lauren Hall,2026-04-10,36.41
11154,360,Anthony Johnson,2026-04-10,100.34
11155,396,Nicole Carter,2026-04-10,29.95
11156,217,Robert White,2026-04-11,244.7
11157,261,Anthony Davis,2026-04-11,136.06
11158,337,Ashley Mitchell,2026-04-11,198.14
11159,345,Rachel Reed,2026-04-11,85.59
11160,390,Sarah Lopez,2026-04-11,77.73
11161,278,Eric Lewis,2026-04-12,62.85
11162,315,Vanessa Brown,2026-04-12,146.37
11163,385,Rachel Baker,2026-04-12,155.21
11164,390,Sarah Lopez,2026-04-12,84.04
11165,220,Sarah Green,2026-04-13,91.94
11166,222,Natalie Jackson,2026-04-13,24.84
11167,322,Christopher Carter,2026-04-13,49.85
11168,374,Michael Wilson,2026-04-13,58.18
11169,252,Natalie Mitchell,2026-04-14,226.86
11170,210,Sarah Lopez,2026-04-16,102.78
11171,256,Anthony Scott,2026-04-16,108.28
11172,331,Vanessa Johnson,2026-04-16,106.61
11173,264,Vanessa Wilson,2026-04-20,347.62
11174,295,Anthony Nelson,2026-04-20,114.89
11175,204,Robert Johnson,2026-04-21,129.96
11176,225,Vanessa Taylor,2026-04-21,75.94
11177,318,Andrew Chen,2026-04-21,57.69
11178,292,Nicole Moore,2026-04-22,67.98
11179,385,Rachel Baker,2026-04-22,140.59
11180,391,Andrew Green,2026-04-22,36.25
11181,248,Olivia Thomas,2026-04-23,144.88
11182,251,Brian Martinez,2026-04-23,77.17
11183,396,Nicole Carter,2026-04-24,63.52
11184,259,Emily Mitchell,2026-04-25,98.6
11185,385,Rachel Baker,2026-04-25,76.33
11186,213,Sarah Lewis,2026-04-26,41.04
11187,241,James King,2026-04-26,237.53
11188,216,Anthony Jackson,2026-04-27,293.98
11189,304,Rachel Chen,2026-04-28,95.04
11190,378,Robert Garcia,2026-04-28,30.14
11191,400,Andrew Baker,2026-04-28,120.74
11192,263,Olivia Green,2026-04-29,84.62
11193,291,Jason Lopez,2026-04-29,21.13
11194,203,Emily Davis,2026-04-30,50.07
11195,266,James Baker,2026-04-30,192.12
11196,304,Rachel Chen,2026-04-30,52.99
11197,373,Samantha Young,2026-05-01,63.81
11198,394,Kevin Harris,2026-05-01,21.2
11199,307,Lauren Green,2026-05-02,79.06
11200,236,Olivia Young,2026-05-03,193.34
11201,258,Rachel Moore,2026-05-03,384.51
11202,278,Eric Lewis,2026-05-03,92.56
11203,206,Brian Scott,2026-05-04,38.43
11204,258,Rachel Moore,2026-05-04,55.31
11205,314,Jessica Thomas,2026-05-04,129.61
11206,261,Anthony Davis,2026-05-05,81.36
11207,319,Jason Taylor,2026-05-05,157.32
11208,348,Sarah Walker,2026-05-05,25.35
11209,257,Robert Brown,2026-05-06,173.6
11210,267,Amanda Moore,2026-05-06,77.22
11211,366,Marcus Garcia,2026-05-08,85.24
11212,338,Anthony Green,2026-05-09,52.74
11213,341,Daniel Moore,2026-05-09,166.46
11214,354,Maria Carter,2026-05-09,131.93
11215,391,Andrew Green,2026-05-09,139.04
11216,398,Nicole Chen,2026-05-09,97.25
11217,250,Christopher Garcia,2026-05-10,92.11
11218,278,Eric Lewis,2026-05-10,103.57
11219,210,Sarah Lopez,2026-05-11,76.75
11220,256,Anthony Scott,2026-05-11,121.92
11221,205,Eric Reed,2026-05-12,45.36
11222,281,Marcus Carter,2026-05-12,26.45
11223,359,Kevin Garcia,2026-05-12,168.51
11224,393,David Jackson,2026-05-12,65.92
11225,335,Lauren Nelson,2026-05-14,241.66
11226,338,Anthony Green,2026-05-14,23.47
11227,387,Anthony Reed,2026-05-14,94.29
11228,351,Sarah Lopez,2026-05-15,47.54
11229,262,Brian Taylor,2026-05-16,310.51
11230,269,Ashley Mitchell,2026-05-16,78.11
11231,399,Nicole Martinez,2026-05-16,111.02
11232,400,Andrew Baker,2026-05-16,20.32
11233,219,Justin Nelson,2026-05-17,66.96
11234,254,Maria Hall,2026-05-17,173.37
11235,213,Sarah Lewis,2026-05-18,61.47
11236,299,Anthony Green,2026-05-18,62.43
11237,373,Samantha Young,2026-05-19,125.56
11238,299,Anthony Green,2026-05-20,101.08
11239,302,Michael Anderson,2026-05-20,16.05
11240,323,Olivia Baker,2026-05-20,160.88
11241,379,Ashley Lewis,2026-05-20,47.23
11242,259,Emily Mitchell,2026-05-21,109.12
11243,281,Marcus Carter,2026-05-22,106.9
11244,285,Kevin Lopez,2026-05-22,43.65
11245,344,Michelle Clark,2026-05-22,218.72
11246,250,Christopher Garcia,2026-05-25,193.66
11247,311,Daniel Adams,2026-05-25,68.32
11248,317,Andrew Clark,2026-05-25,275.64
11249,276,Jessica Martinez,2026-05-27,101.74
11250,233,Michael Mitchell,2026-05-28,38.62
11251,272,Ashley Young,2026-05-28,20.34
11252,236,Olivia Young,2026-05-29,102.3
11253,338,Anthony Green,2026-05-29,27.94
11254,366,Marcus Garcia,2026-05-29,66.57
11255,370,Marcus White,2026-05-29,95.9
11256,298,Brian Carter,2026-05-30,131.94
11257,332,Jessica King,2026-05-30,97.79
11258,336,Jason Jackson,2026-05-30,114.43
11259,228,Christopher Nelson,2026-05-31,39.11
11260,265,Robert Adams,2026-05-31,100.31
11261,253,Brian Young,2026-06-01,261.12
11262,259,Emily Mitchell,2026-06-01,64.45
11263,252,Natalie Mitchell,2026-06-02,60.38
11264,281,Marcus Carter,2026-06-02,76.66
11265,308,David Clark,2026-06-03,33.64
11266,360,Anthony Johnson,2026-06-03,75.19
11267,382,Emily White,2026-06-03,32.67
11268,219,Justin Nelson,2026-06-04,54.7
11269,254,Maria Hall,2026-06-04,28.37
11270,321,Michael Mitchell,2026-06-04,62.13
11271,322,Christopher Carter,2026-06-05,162.29
11272,324,Daniel Davis,2026-06-05,23.91
11273,386,Brandon Nelson,2026-06-05,124.0
11274,254,Maria Hall,2026-06-06,160.63
11275,288,Jessica Young,2026-06-06,79.03
11276,291,Jason Lopez,2026-06-06,40.77
11277,390,Sarah Lopez,2026-06-06,100.24
11278,234,Nicole Lopez,2026-06-07,70.66
11279,262,Brian Taylor,2026-06-07,84.9
11280,336,Jason Jackson,2026-06-07,131.78
11281,351,Sarah Lopez,2026-06-07,58.08
11282,201,Samantha Reed,2026-06-08,109.97
11283,203,Emily Davis,2026-06-08,104.54
11284,310,Brandon Young,2026-06-08,37.72
11285,232,Rachel Lewis,2026-06-09,49.36
11286,325,James Davis,2026-06-09,91.51
11287,333,Kevin Lewis,2026-06-09,495.0
11288,203,Emily Davis,2026-06-12,62.46
11289,242,Robert Green,2026-06-12,118.98
11290,240,Natalie Lopez,2026-06-13,187.22
11291,292,Nicole Moore,2026-06-13,26.64
11292,346,Robert Davis,2026-06-13,21.85
11293,211,Ashley Davis,2026-06-14,46.23
11294,248,Olivia Thomas,2026-06-14,218.58
11295,290,Brian Jackson,2026-06-14,106.91
11296,330,Vanessa Lewis,2026-06-14,157.08
11297,339,Eric Wright,2026-06-14,29.9
11298,391,Andrew Green,2026-06-14,79.57
11299,204,Robert Johnson,2026-06-15,54.23
11300,288,Jessica Young,2026-06-15,77.63
11301,344,Michelle Clark,2026-06-15,137.27
11302,216,Anthony Jackson,2026-06-16,41.7
11303,286,Vanessa Wilson,2026-06-16,38.45
11304,320,Kevin Chen,2026-06-16,88.0
11305,315,Vanessa Brown,2026-06-17,43.26
11306,395,Ashley Nelson,2026-06-17,122.34
11307,205,Eric Reed,2026-06-18,210.69
11308,228,Christopher Nelson,2026-06-18,83.92
11309,274,Michelle Mitchell,2026-06-18,88.24
11310,278,Eric Lewis,2026-06-18,70.21
11311,310,Brandon Young,2026-06-18,57.0
11312,337,Ashley Mitchell,2026-06-18,22.42
11313,352,Natalie Young,2026-06-18,24.37
11314,374,Michael Wilson,2026-06-18,69.08
11315,383,Robert Nelson,2026-06-18,60.65
11316,210,Sarah Lopez,2026-06-19,75.83
11317,305,Eric Carter,2026-06-20,192.34
11318,317,Andrew Clark,2026-06-20,9.27
11319,320,Kevin Chen,2026-06-20,206.36
11320,326,Michelle Walker,2026-06-20,123.69
11321,368,Brian Jackson,2026-06-20,41.94
11322,259,Emily Mitchell,2026-06-21,56.25
11323,308,David Clark,2026-06-21,88.02
11324,315,Vanessa Brown,2026-06-21,92.24
11325,371,Brandon Scott,2026-06-21,104.58
11326,374,Michael Wilson,2026-06-22,31.04
11327,220,Sarah Green,2026-06-23,103.39
11328,348,Sarah Walker,2026-06-23,48.27
11329,362,Michelle Walker,2026-06-23,414.02
11330,270,Megan Carter,2026-06-24,99.14
11331,353,James Davis,2026-06-24,108.24
11332,391,Andrew Green,2026-06-24,121.55
11333,271,Natalie Taylor,2026-06-25,258.92
11334,293,Jason White,2026-06-27,58.05
11335,341,Daniel Moore,2026-06-27,134.55
11336,287,Brandon Reed,2026-06-28,35.11
11337,394,Kevin Harris,2026-06-28,45.37
11338,264,Vanessa Wilson,2026-06-29,66.83
11339,254,Maria Hall,2026-06-30,140.16
11340,256,Anthony Scott,2026-06-30,21.03
11341,283,Christopher Davis,2026-06-30,100.38
11342,394,Kevin Harris,2026-06-30,220.4
11343,239,Megan Garcia,2026-07-01,270.59
11344,316,Anthony Green,2026-07-02,102.16
11345,356,Amanda Lopez,2026-07-02,49.37
11346,342,Brian Young,2026-07-03,44.64
11347,346,Robert Davis,2026-07-03,130.84
11348,398,Nicole Chen,2026-07-03,21.96
11349,279,Anthony Martinez,2026-07-04,156.43
11350,289,David Baker,2026-07-04,133.16
11351,329,Olivia Lopez,2026-07-04,544.05
11352,374,Michael Wilson,2026-07-04,32.74
11353,266,James Baker,2026-07-05,18.01
11354,289,David Baker,2026-07-05,77.01
11355,368,Brian Jackson,2026-07-05,104.66
11356,206,Brian Scott,2026-07-06,25.81
11357,210,Sarah Lopez,2026-07-06,53.3
11358,283,Christopher Davis,2026-07-06,43.3
11359,351,Sarah Lopez,2026-07-06,37.35
11360,354,Maria Carter,2026-07-07,82.79
11361,330,Vanessa Lewis,2026-07-08,29.8
11362,348,Sarah Walker,2026-07-08,62.53
11363,371,Brandon Scott,2026-07-09,120.67
11364,247,Rachel Young,2026-07-10,129.61
11365,269,Ashley Mitchell,2026-07-10,21.45
11366,282,Megan Moore,2026-07-10,90.11
11367,299,Anthony Green,2026-07-10,31.0
11368,259,Emily Mitchell,2026-07-11,52.37
11369,282,Megan Moore,2026-07-11,146.93
11370,329,Olivia Lopez,2026-07-11,155.27
11371,264,Vanessa Wilson,2026-07-12,274.98
11372,387,Anthony Reed,2026-07-12,266.61
11373,250,Christopher Garcia,2026-07-13,40.28
11374,363,Megan Harris,2026-07-13,33.5
11375,243,Daniel Lopez,2026-07-14,25.41
11376,256,Anthony Scott,2026-07-14,125.05
11377,269,Ashley Mitchell,2026-07-14,80.3
11378,282,Megan Moore,2026-07-14,50.26
11379,302,Michael Anderson,2026-07-14,62.11
11380,368,Brian Jackson,2026-07-14,37.99
11381,375,Nicole Scott,2026-07-14,18.58
11382,325,James Davis,2026-07-15,483.32
11383,377,Brandon Reed,2026-07-15,11.27
11384,395,Ashley Nelson,2026-07-15,442.37
11385,261,Anthony Davis,2026-07-17,157.31
11386,212,Lauren Hall,2026-07-18,38.41
11387,247,Rachel Young,2026-07-18,423.68
11388,253,Brian Young,2026-07-18,79.47
11389,321,Michael Mitchell,2026-07-18,105.11
11390,343,Christopher White,2026-07-18,112.16
11391,363,Megan Harris,2026-07-18,45.98
11392,378,Robert Garcia,2026-07-18,82.24
11393,218,Megan Martinez,2026-07-19,23.61
11394,229,Christopher Hall,2026-07-19,95.43
11395,249,David Thomas,2026-07-19,95.64
11396,335,Lauren Nelson,2026-07-19,50.13
11397,218,Megan Martinez,2026-07-20,18.31
11398,327,Maria Lopez,2026-07-20,60.97
11399,253,Brian Young,2026-07-21,156.94
11400,305,Eric Carter,2026-07-21,52.04
11401,325,James Davis,2026-07-21,105.48
11402,202,Sarah Scott,2026-07-22,54.32
11403,227,Nicole Reed,2026-07-22,37.76
11404,240,Natalie Lopez,2026-07-22,358.17
11405,370,Marcus White,2026-07-23,23.77
11406,211,Ashley Davis,2026-07-24,72.71
11407,306,Eric Martinez,2026-07-24,42.0
11408,328,Eric Harris,2026-07-24,224.3
11409,224,Jessica Garcia,2026-07-25,121.7
11410,377,Brandon Reed,2026-07-25,339.82
11411,362,Michelle Walker,2026-07-26,210.09
11412,233,Michael Mitchell,2026-07-27,80.98
11413,267,Amanda Moore,2026-07-27,213.09
11414,274,Michelle Mitchell,2026-07-27,41.25
11415,312,Samantha Clark,2026-07-27,150.32
11416,366,Marcus Garcia,2026-07-27,45.76
11417,355,James Nelson,2026-07-29,39.51
11418,251,Brian Martinez,2026-07-30,77.32
11419,281,Marcus Carter,2026-07-30,86.55
11420,322,Christopher Carter,2026-07-30,66.2
11421,350,Megan Davis,2026-07-30,128.73
11422,268,Emily Lopez,2026-07-31,127.17
11423,277,Jessica Davis,2026-07-31,304.63
11424,287,Brandon Reed,2026-07-31,38.33
11425,299,Anthony Green,2026-07-31,65.86
11426,363,Megan Harris,2026-07-31,138.27
11427,207,Michelle Lewis,2026-08-01,156.81
11428,392,Brandon Davis,2026-08-01,280.96
11429,235,Anthony Anderson,2026-08-02,57.0
11430,320,Kevin Chen,2026-08-02,72.39
11431,342,Brian Young,2026-08-02,31.29
11432,231,James Scott,2026-08-03,62.45
11433,271,Natalie Taylor,2026-08-03,83.38
11434,298,Brian Carter,2026-08-03,243.14
11435,246,Nicole Martinez,2026-08-04,158.86
11436,398,Nicole Chen,2026-08-04,105.12
11437,301,Samantha Taylor,2026-08-05,57.16
11438,350,Megan Davis,2026-08-05,98.96
11439,385,Rachel Baker,2026-08-05,33.85
11440,214,Ashley Wright,2026-08-06,182.37
11441,215,Samantha Wright,2026-08-06,85.56
11442,308,David Clark,2026-08-06,210.61
11443,364,Robert Baker,2026-08-06,142.22
11444,380,Rachel Johnson,2026-08-06,82.49
11445,283,Christopher Davis,2026-08-07,67.39
11446,362,Michelle Walker,2026-08-07,59.35
11447,364,Robert Baker,2026-08-08,123.13
11448,274,Michelle Mitchell,2026-08-09,163.93
11449,349,Anthony Davis,2026-08-09,122.07
11450,397,James Brown,2026-08-09,41.71
11451,255,Samantha Brown,2026-08-10,80.75
11452,301,Samantha Taylor,2026-08-10,31.32
11453,339,Eric Wright,2026-08-10,56.2
11454,213,Sarah Lewis,2026-08-11,139.59
11455,384,Andrew Lopez,2026-08-11,351.07
11456,387,Anthony Reed,2026-08-11,33.63
11457,242,Robert Green,2026-08-12,41.04
11458,386,Brandon Nelson,2026-08-12,55.2
11459,265,Robert Adams,2026-08-13,84.76
11460,341,Daniel Moore,2026-08-13,56.15
11461,216,Anthony Jackson,2026-08-14,168.54
11462,320,Kevin Chen,2026-08-14,17.27
11463,348,Sarah Walker,2026-08-14,66.95
11464,265,Robert Adams,2026-08-15,66.95
11465,279,Anthony Martinez,2026-08-15,107.44
11466,381,Marcus Brown,2026-08-15,48.74
11467,383,Robert Nelson,2026-08-15,20.05
11468,388,James Young,2026-08-15,25.0
11469,324,Daniel Davis,2026-08-16,28.08
11470,219,Justin Nelson,2026-08-17,197.74
11471,223,Amanda Martinez,2026-08-17,74.58
11472,235,Anthony Anderson,2026-08-17,85.49
11473,371,Brandon Scott,2026-08-18,35.87
11474,243,Daniel Lopez,2026-08-19,45.35
11475,237,Jason Carter,2026-08-20,102.76
11476,345,Rachel Reed,2026-08-20,100.1
11477,252,Natalie Mitchell,2026-08-21,85.4
11478,262,Brian Taylor,2026-08-21,64.38
11479,310,Brandon Young,2026-08-22,66.21
11480,328,Eric Harris,2026-08-22,113.26
11481,358,Emily King,2026-08-22,142.16
11482,227,Nicole Reed,2026-08-24,70.78
11483,300,Emily Green,2026-08-24,112.15
11484,219,Justin Nelson,2026-08-25,62.91
11485,222,Natalie Jackson,2026-08-25,197.26
11486,352,Natalie Young,2026-08-25,66.06
11487,214,Ashley Wright,2026-08-26,64.5
11488,395,Ashley Nelson,2026-08-26,650.0
11489,305,Eric Carter,2026-08-27,100.07
11490,341,Daniel Moore,2026-08-27,25.67
11491,280,Eric Walker,2026-08-28,35.64
11492,340,Ashley Wright,2026-08-28,38.22
11493,361,Eric Mitchell,2026-08-28,132.44
11494,389,Anthony Adams,2026-08-28,48.39
11495,207,Michelle Lewis,2026-08-30,103.85
11496,209,Marcus Wilson,2026-08-30,68.98
11497,228,Christopher Nelson,2026-08-31,67.98
11498,254,Maria Hall,2026-08-31,28.78
11499,286,Vanessa Wilson,2026-08-31,248.41
11500,399,Nicole Martinez,2026-08-31,90.69
