Date,Users
8/10/2021,1193
8/11/2021,1250
8/12/2021,1160
8/13/2021,817
8/14/2021,362
8/15/2021,525
8/16/2021,1138
8/17/2021,1330
8/18/2021,1206
8/19/2021,1150
8/20/2021,886
8/21/2021,316
8/22/2021,465
8/23/2021,1134
8/24/2021,1199
8/25/2021,1290
8/26/2021,1127
8/27/2021,865
8/28/2021,351
8/29/2021,471
8/30/2021,982
8/31/2021,1206
9/1/2021,1160
9/2/2021,1177
9/3/2021,889
9/4/2021,346
9/5/2021,531
9/6/2021,908
9/7/2021,1101
9/8/2021,1156
9/9/2021,1150
9/10/2021,856
9/11/2021,385
9/12/2021,641
9/13/2021,1241
9/14/2021,1350
9/15/2021,1309
9/16/2021,1275
9/17/2021,1029
9/18/2021,435
9/19/2021,692
9/20/2021,1341
9/21/2021,1368
9/22/2021,1408
9/23/2021,1346
9/24/2021,1003
9/25/2021,467
9/26/2021,710
9/27/2021,1363
9/28/2021,1404
9/29/2021,1443
9/30/2021,1360
10/1/2021,986
10/2/2021,431
10/3/2021,622
10/4/2021,1255
10/5/2021,1236
10/6/2021,1267
10/7/2021,1241
10/8/2021,1006
10/9/2021,424
10/10/2021,577
10/11/2021,1094
10/12/2021,1227
10/13/2021,1318
10/14/2021,1264
10/15/2021,923
10/16/2021,392
10/17/2021,630
10/18/2021,1228
10/19/2021,1297
10/20/2021,1273
10/21/2021,1234
10/22/2021,943
10/23/2021,424
10/24/2021,612
10/25/2021,1277
10/26/2021,1347
10/27/2021,1335
10/28/2021,1209
10/29/2021,923
10/30/2021,396
10/31/2021,561
11/1/2021,1082
11/2/2021,1250
11/3/2021,1155
11/4/2021,1074
11/5/2021,890
11/6/2021,408
11/7/2021,665
11/8/2021,1232
11/9/2021,1290
11/10/2021,1334
11/11/2021,1109
11/12/2021,957
11/13/2021,446
11/14/2021,660
11/15/2021,1265
11/16/2021,1326
11/17/2021,1285
11/18/2021,1145
11/19/2021,887
11/20/2021,349
11/21/2021,586
11/22/2021,1308
11/23/2021,1251
11/24/2021,1194
11/25/2021,905
11/26/2021,726
11/27/2021,387
11/28/2021,612
11/29/2021,1221
11/30/2021,1247
12/1/2021,1213
12/2/2021,1255
12/3/2021,896
12/4/2021,430
12/5/2021,630
12/6/2021,1259
12/7/2021,1180
12/8/2021,1151
12/9/2021,1156
12/10/2021,951
12/11/2021,421
12/12/2021,594
12/13/2021,1201
12/14/2021,1178
12/15/2021,1166
12/16/2021,1116
12/17/2021,735
12/18/2021,323
12/19/2021,462
12/20/2021,934
12/21/2021,905
12/22/2021,789
12/23/2021,634
12/24/2021,283
12/25/2021,175
12/26/2021,321
12/27/2021,589
12/28/2021,617
12/29/2021,617
12/30/2021,497
12/31/2021,285
1/1/2022,190
1/2/2022,357
1/3/2022,673
1/4/2022,850
1/5/2022,875
1/6/2022,900
1/7/2022,733
1/8/2022,316
1/9/2022,475
1/10/2022,963
1/11/2022,1001
1/12/2022,1089
1/13/2022,966
1/14/2022,773
1/15/2022,322
1/16/2022,508
1/17/2022,912
1/18/2022,1100
1/19/2022,1143
1/20/2022,1072
1/21/2022,801
1/22/2022,360
1/23/2022,545
1/24/2022,1100
1/25/2022,1090
1/26/2022,1098
1/27/2022,1140
1/28/2022,880
1/29/2022,434
1/30/2022,537
1/31/2022,1047
2/1/2022,1106
2/2/2022,1192
2/3/2022,1240
2/4/2022,901
2/5/2022,403
2/6/2022,654
2/7/2022,1247
2/8/2022,1328
2/9/2022,1318
2/10/2022,1334
2/11/2022,1028
2/12/2022,415
2/13/2022,600
2/14/2022,1217
2/15/2022,1349
2/16/2022,1243
2/17/2022,1251
2/18/2022,927
2/19/2022,379
2/20/2022,672
2/21/2022,1172
2/22/2022,1247
2/23/2022,1373
2/24/2022,1476
2/25/2022,1015
2/26/2022,477
2/27/2022,774
2/28/2022,1299
3/1/2022,1316
3/2/2022,1473
3/3/2022,1389
3/4/2022,1048
3/5/2022,489
3/6/2022,696
3/7/2022,1365
3/8/2022,1471
3/9/2022,1466
3/10/2022,1403
3/11/2022,1006
3/12/2022,448
3/13/2022,619
3/14/2022,1400
3/15/2022,1448
3/16/2022,1508
3/17/2022,1294
3/18/2022,977
3/19/2022,446
3/20/2022,646
3/21/2022,1374
3/22/2022,1460
3/23/2022,1470
3/24/2022,1395
3/25/2022,1023
3/26/2022,471
3/27/2022,614
3/28/2022,1393
3/29/2022,1445
3/30/2022,1481
3/31/2022,1339
4/1/2022,975
4/2/2022,392
4/3/2022,723
4/4/2022,1350
4/5/2022,1515
4/6/2022,1465
4/7/2022,1443
4/8/2022,1088
4/9/2022,457
4/10/2022,695
4/11/2022,1378
4/12/2022,1439
4/13/2022,1367
4/14/2022,1149
4/15/2022,707
4/16/2022,391
4/17/2022,546
4/18/2022,1105
4/19/2022,1401
4/20/2022,1333
4/21/2022,1656
4/22/2022,1066
4/23/2022,472
4/24/2022,591
4/25/2022,1333
4/26/2022,1461
4/27/2022,1410
4/28/2022,1387
4/29/2022,1116
4/30/2022,444
5/1/2022,582
5/2/2022,1141
5/3/2022,1335
5/4/2022,1413
5/5/2022,1395
5/6/2022,1099
5/7/2022,423
5/8/2022,625
5/9/2022,1457
5/10/2022,1547
5/11/2022,2205
5/12/2022,1479
5/13/2022,1048
5/14/2022,426
5/15/2022,600
5/16/2022,1497
5/17/2022,1493
5/18/2022,1528
5/19/2022,1500
5/20/2022,1110
5/21/2022,392
5/22/2022,668
5/23/2022,1437
5/24/2022,1533
5/25/2022,1689
5/26/2022,1404
5/27/2022,1157
5/28/2022,490
5/29/2022,708
5/30/2022,1295
5/31/2022,1523
6/1/2022,1446
6/2/2022,1393
6/3/2022,1058
6/4/2022,388
6/5/2022,630
6/6/2022,1332
6/7/2022,1461
6/8/2022,1477
6/9/2022,1441
6/10/2022,994
6/11/2022,428
6/12/2022,656
6/13/2022,1418
6/14/2022,1473
6/15/2022,1450
6/16/2022,1369
6/17/2022,985
6/18/2022,360
6/19/2022,544
6/20/2022,1265
6/21/2022,1455
6/22/2022,1456
6/23/2022,1417
6/24/2022,1014
6/25/2022,409
6/26/2022,621
6/27/2022,1437
6/28/2022,1567
6/29/2022,1495
6/30/2022,1986
7/1/2022,894
7/2/2022,341
7/3/2022,490
7/4/2022,1078
7/5/2022,1367
7/6/2022,1386
7/7/2022,1301
7/8/2022,916
7/9/2022,351
7/10/2022,542
7/11/2022,1378
7/12/2022,1304
7/13/2022,1330
7/14/2022,1331
7/15/2022,946
7/16/2022,387
7/17/2022,582
7/18/2022,2016
7/19/2022,1375
7/20/2022,1415
7/21/2022,1412
7/22/2022,1049
7/23/2022,375
7/24/2022,575
7/25/2022,1449
7/26/2022,1497
7/27/2022,1445
7/28/2022,1356
7/29/2022,963
7/30/2022,371
7/31/2022,543
8/1/2022,1300
8/2/2022,1384
8/3/2022,1424
8/4/2022,1383
8/5/2022,967
8/6/2022,366
8/7/2022,552
8/8/2022,1300
8/9/2022,1343
8/10/2022,1365
8/11/2022,1265
8/12/2022,948
8/13/2022,352
8/14/2022,533
8/15/2022,1173
8/16/2022,1446
8/17/2022,1490
8/18/2022,1393
8/19/2022,970
8/20/2022,406
8/21/2022,626
8/22/2022,1349
8/23/2022,1464
8/24/2022,1364
8/25/2022,1340
8/26/2022,969
8/27/2022,437
8/28/2022,641
8/29/2022,1332
8/30/2022,1402
8/31/2022,1432
9/1/2022,1359
9/2/2022,991
9/3/2022,416
9/4/2022,637
9/5/2022,1152
9/6/2022,1473
9/7/2022,1519
9/8/2022,1426
9/9/2022,1043
9/10/2022,492
9/11/2022,771
9/12/2022,1564
9/13/2022,1765
9/14/2022,1651
9/15/2022,1608
9/16/2022,1133
9/17/2022,505
9/18/2022,758
9/19/2022,1602
9/20/2022,1739
9/21/2022,1774
9/22/2022,1682
9/23/2022,1264
9/24/2022,534
9/25/2022,844
9/26/2022,1815
9/27/2022,1816
9/28/2022,1859
9/29/2022,1856
9/30/2022,1408
,
